<?xml version="1.0" encoding="UTF-8"?>
<project-private xmlns="http://www.netbeans.org/ns/project-private/1">
    <data xmlns="http://www.netbeans.org/ns/make-project-private/1">
        <activeConfTypeElem>1</activeConfTypeElem>
        <activeConfIndexElem>0</activeConfIndexElem>
    </data>
    <editor-bookmarks xmlns="http://www.netbeans.org/ns/editor-bookmarks/2" lastBookmarkId="0"/>
    <open-files xmlns="http://www.netbeans.org/ns/projectui-open-files/2">
        <group/>
        <group name="Assignment_1">
            <file>file:/C:/Users/adama/Desktop/GrambergsAdam_CIS5_40652/Hmwk/New%20Folder/Gaddis_8thEd_Ch4_Problem1_MinimumMaximum/main.cpp</file>
        </group>
    </open-files>
</project-private>
